,Roofline,,,,,,,,ECM,,,,,,,,,,,,Benchmark,,,,,,,Data Transfer (Benchmark),,,,,,,,,Data Transfer (Prediction LC),,,,,,,,,Data Transfer (Prediction CS),,,,,,,,
,Cache Simulator,,,Layer Conditions,,,ECM,Benchmark,Cache Simulator,,,,,,Layer Condition,,,,,,Benchmark,Phenomenological ECM,,,,,,L1-L2 (B/LUP),,,L2-L3 (B/LUP),,,L3-MEM (B/LUP),,,L1-L2 (B/LUP),,,L2-L3 (B/LUP),,,L3-MEM (B/LUP),,,L1-L2 (B/LUP),,,L2-L3 (B/LUP),,,L3-MEM (B/LUP),,
N(^3),GFLOP/s,MLUP/s,Arithmetic Intensity,GFLOP/s,MLUP/s,Arithmetic Intensity,MLUP/s,MLUP/s,T_OL,T_nOL,T_L1L2,T_L2L3,T_L3MEM,cy/CL,T_OL,T_nOL,T_L1L2,T_L2L3,T_L3MEM,cy/CL,cy/CL,T_OL,T_nOL,T_L1L2,T_L2L3,T_L3MEM,cy/CL,load,evict,total,load,evict,total,load,evict,total,load,evict,total,load,evict,total,load,evict,total,load,evict,total,load,evict,total,load,evict,total
10,22.11,417.16,CPU bound. 22.11 GFLOP/s due to CPU bottleneck,22.11,417.16,,416.68,176.67,44.1,44.0,0.0,0.0,0.0,44.1 ,44.1,44.0,0.0,0.0,0.0,44.1 ,104.15,,47.3,64.1,0.0,0.0,0.1,,0,0,0,0,0,0,.16,.08,.24,0,0,0,0,0,0,0,0,0,0,0,0,0,0,0,0,0,0
20,22.11,417.16,CPU bound. 22.11 GFLOP/s due to CPU bottleneck,22.11,417.16,,367.52,162.59,44.1,44.0,7.2,0.0,0.0,51.2 ,44.1,44.0,6.0,0.0,0.0,50.0 ,113.17,,56.9,68.6,7.2,0.0,0.1,,19.76,8.88,28.64,0,0,0,.16,.08,.24,19.87,9.00,28.87,0,0,0,0,0,0,16.00,8.00,24.00,0,0,0,0,0,0
30,22.11,417.16,CPU bound. 22.11 GFLOP/s due to CPU bottleneck,22.11,417.16,,328.14,195.99,44.1,44.0,6.8,6.8,0.0,57.5 ,44.1,44.0,6.0,6.0,0.0,56.0 ,93.88,,41.4,48.8,8.3,6.2,0.1,,24.56,8.64,33.20,17.12,7.68,24.80,.08,.08,.16,18.50,8.62,27.12,18.50,8.62,27.12,0,0,0,16.00,8.00,24.00,16.00,8.00,24.00,0,0,0
40,22.11,417.16,CPU bound. 22.11 GFLOP/s due to CPU bottleneck,22.11,417.16,,306.26,171.49,44.1,44.0,10.9,6.5,0.0,61.4 ,44.1,44.0,10.0,6.0,0.0,60.0 ,107.30,,47.7,55.1,10.9,6.7,0.1,,35.04,8.48,43.52,18.32,8.48,26.80,.08,.08,.16,35.00,8.37,43.37,17.75,8.37,26.12,0,0,0,32.00,8.00,40.00,16.00,8.00,24.00,0,0,0
50,22.11,417.16,CPU bound. 22.11 GFLOP/s due to CPU bottleneck,22.11,417.16,,306.26,198.32,44.1,44.0,10.7,6.5,0.0,61.1 ,44.1,44.0,10.0,6.0,0.0,60.0 ,92.78,,41.0,46.4,10.7,6.6,0.1,,34.40,8.40,42.80,18.00,8.32,26.32,.08,.08,.16,34.37,8.37,42.74,17.50,8.37,25.87,0,0,0,32.00,8.00,40.00,16.00,8.00,24.00,0,0,0
60,22.11,417.16,CPU bound. 22.11 GFLOP/s due to CPU bottleneck,22.11,417.16,,306.26,185.91,44.1,44.0,10.6,6.4,0.0,61.0 ,44.1,44.0,10.0,6.0,0.0,60.0 ,98.97,,45.4,50.9,10.6,6.5,0.1,,34.16,8.24,42.40,17.92,8.24,26.16,.08,.08,.16,34.00,8.25,42.25,17.37,8.25,25.62,0,0,0,32.00,8.00,40.00,16.00,8.00,24.00,0,0,0
70,22.11,417.16,CPU bound. 22.11 GFLOP/s due to CPU bottleneck,22.11,417.16,,306.26,201.94,44.1,44.0,10.5,6.4,0.0,60.9 ,44.1,44.0,10.0,6.0,0.0,60.0 ,91.12,,41.2,45.4,10.5,6.9,0.1,,33.68,8.24,41.92,19.36,8.24,27.60,.08,.08,.16,33.62,8.25,41.87,17.50,8.25,25.75,0,0,0,32.00,8.00,40.00,16.00,8.00,24.00,0,0,0
80,22.11,417.16,CPU bound. 22.11 GFLOP/s due to CPU bottleneck,22.11,417.16,,306.26,187.21,44.1,44.0,10.4,6.5,0.0,60.9 ,44.1,44.0,10.0,6.0,0.0,60.0 ,98.29,,44.1,48.9,10.7,7.7,0.1,,34.56,8.24,42.80,22.48,8.24,30.72,.08,.08,.16,33.50,8.25,41.75,17.62,8.25,25.87,0,0,0,32.00,8.00,40.00,16.00,8.00,24.00,0,0,0
90,22.11,417.16,CPU bound. 22.11 GFLOP/s due to CPU bottleneck,22.11,417.16,,306.26,172.80,44.1,44.0,10.4,6.5,0.0,60.9 ,44.1,44.0,10.0,6.0,0.0,60.0 ,106.48,,39.5,44.8,10.4,8.6,0.1,,33.44,8.16,41.60,26.40,8.16,34.56,.16,.08,.24,33.25,8.25,41.50,17.87,8.25,26.12,0,0,0,32.00,8.00,40.00,16.00,8.00,24.00,0,0,0
100,22.11,417.16,CPU bound. 22.11 GFLOP/s due to CPU bottleneck,22.11,417.16,,287.12,193.57,44.1,44.0,10.3,10.3,0.0,64.6 ,44.1,44.0,10.0,10.0,0.0,64.0 ,95.06,,43.6,47.7,10.4,9.5,0.6,,33.28,8.16,41.44,29.68,8.16,37.84,.64,.40,1.04,33.12,8.12,41.24,32.87,8.12,40.99,0,0,0,32.00,8.00,40.00,32.00,8.00,40.00,0,0,0
110,22.11,417.16,CPU bound. 22.11 GFLOP/s due to CPU bottleneck,22.11,417.16,,287.12,202.46,44.1,44.0,10.3,10.3,0.0,64.6 ,44.1,44.0,10.0,10.0,0.0,64.0 ,90.88,,41.2,44.5,10.3,10.0,3.0,,33.12,8.16,41.28,32.00,8.08,40.08,3.12,2.08,5.20,33.12,8.12,41.24,33.12,8.12,41.24,0,0,0,32.00,8.00,40.00,32.00,8.00,40.00,0,0,0
120,22.11,417.16,CPU bound. 22.11 GFLOP/s due to CPU bottleneck,22.11,417.16,,235.28,190.85,44.1,44.0,10.3,10.3,14.4,79.0 ,44.1,44.0,10.0,10.0,14.1,78.1 ,96.41,,43.0,46.9,10.3,10.2,8.9,,33.12,8.16,41.28,32.80,8.16,40.96,9.44,5.68,15.12,33.00,8.12,41.12,33.00,8.12,41.12,16.37,8.12,24.49,32.00,8.00,40.00,32.00,8.00,40.00,16.00,8.00,24.00
130,22.11,417.16,CPU bound. 22.11 GFLOP/s due to CPU bottleneck,22.11,417.16,,235.28,168.58,44.1,44.0,10.3,10.3,14.4,78.9 ,44.1,44.0,10.0,10.0,14.1,78.1 ,109.15,,40.1,44.3,10.3,10.3,13.2,,33.20,8.16,41.36,32.96,8.08,41.04,14.72,7.76,22.48,32.87,8.12,40.99,32.87,8.12,40.99,16.37,8.12,24.49,32.00,8.00,40.00,32.00,8.00,40.00,16.00,8.00,24.00
140,22.11,417.16,CPU bound. 22.11 GFLOP/s due to CPU bottleneck,22.11,417.16,,235.28,172.19,44.1,44.0,10.2,10.2,14.4,78.8 ,44.1,44.0,10.0,10.0,14.1,78.1 ,106.86,,42.8,46.3,10.3,10.3,14.4,,33.04,8.16,41.20,32.96,8.08,41.04,16.40,8.16,24.56,32.75,8.12,40.87,32.75,8.12,40.87,16.37,8.12,24.49,32.00,8.00,40.00,32.00,8.00,40.00,16.00,8.00,24.00
150,22.11,417.16,CPU bound. 22.11 GFLOP/s due to CPU bottleneck,22.11,417.16,,235.28,199.74,44.1,44.0,10.2,10.2,14.2,78.7 ,44.1,44.0,10.0,10.0,14.1,78.1 ,92.12,,41.1,44.1,10.5,10.2,14.6,,33.84,8.08,41.92,32.88,8.08,40.96,16.64,8.16,24.80,32.75,8.12,40.87,32.75,8.12,40.87,16.37,8.00,24.37,32.00,8.00,40.00,32.00,8.00,40.00,16.00,8.00,24.00
160,22.11,417.16,CPU bound. 22.11 GFLOP/s due to CPU bottleneck,22.11,417.16,,235.28,185.31,44.1,44.0,10.2,10.2,14.3,78.7 ,44.1,44.0,10.0,10.0,14.1,78.1 ,99.29,,42.2,45.9,10.8,10.3,14.6,,35.20,8.16,43.36,32.96,8.08,41.04,16.64,8.16,24.80,32.75,8.12,40.87,32.75,8.12,40.87,16.25,8.12,24.37,32.00,8.00,40.00,32.00,8.00,40.00,16.00,8.00,24.00
170,22.11,417.16,CPU bound. 22.11 GFLOP/s due to CPU bottleneck,22.11,417.16,,235.28,201.87,44.1,44.0,10.2,10.2,14.3,78.7 ,44.1,44.0,10.0,10.0,14.1,78.1 ,91.15,,40.9,44.0,10.2,10.2,14.5,,32.88,8.08,40.96,32.80,8.08,40.88,16.64,8.16,24.80,32.75,8.12,40.87,32.75,8.12,40.87,16.25,8.12,24.37,32.00,8.00,40.00,32.00,8.00,40.00,16.00,8.00,24.00
180,22.11,417.16,CPU bound. 22.11 GFLOP/s due to CPU bottleneck,22.11,417.16,,235.28,196.60,44.1,44.0,10.2,10.2,14.3,78.6 ,44.1,44.0,10.0,10.0,14.1,78.1 ,93.59,,42.3,45.6,10.2,10.2,14.5,,32.88,8.08,40.96,32.80,8.08,40.88,16.56,8.16,24.72,32.62,8.12,40.74,32.62,8.12,40.74,16.25,8.12,24.37,32.00,8.00,40.00,32.00,8.00,40.00,16.00,8.00,24.00
190,22.11,417.16,CPU bound. 22.11 GFLOP/s due to CPU bottleneck,22.11,417.16,,235.28,202.47,44.1,44.0,10.2,10.2,14.3,78.7 ,44.1,44.0,10.0,10.0,14.1,78.1 ,90.88,,41.0,43.9,10.2,10.2,14.5,,32.80,8.08,40.88,32.80,8.08,40.88,16.56,8.16,24.72,32.62,8.12,40.74,32.62,8.12,40.74,16.25,8.12,24.37,32.00,8.00,40.00,32.00,8.00,40.00,16.00,8.00,24.00
200,22.11,417.16,CPU bound. 22.11 GFLOP/s due to CPU bottleneck,22.11,417.16,,235.28,195.98,44.1,44.0,10.2,10.2,14.3,78.6 ,44.1,44.0,10.0,10.0,14.1,78.1 ,93.89,,42.1,45.3,10.5,10.2,14.5,,34.00,8.16,42.16,32.72,8.08,40.80,16.56,8.16,24.72,32.62,8.12,40.74,32.62,8.12,40.74,16.25,8.12,24.37,32.00,8.00,40.00,32.00,8.00,40.00,16.00,8.00,24.00
210,22.11,417.16,CPU bound. 22.11 GFLOP/s due to CPU bottleneck,22.11,417.16,,235.28,202.38,44.1,44.0,10.1,10.1,14.1,78.4 ,44.1,44.0,10.0,10.0,14.1,78.1 ,90.92,,40.8,43.8,10.3,10.2,14.5,,32.96,8.08,41.04,32.64,8.08,40.72,16.56,8.16,24.72,32.50,8.12,40.62,32.50,8.12,40.62,16.25,7.87,24.12,32.00,8.00,40.00,32.00,8.00,40.00,16.00,8.00,24.00
220,22.11,417.16,CPU bound. 22.11 GFLOP/s due to CPU bottleneck,22.11,417.16,,235.28,197.17,44.1,44.0,10.1,10.1,14.3,78.5 ,44.1,44.0,10.0,10.0,14.1,78.1 ,93.32,,42.0,45.1,10.7,10.2,14.5,,34.32,8.48,42.80,32.64,8.08,40.72,16.48,8.16,24.64,32.50,8.12,40.62,32.50,8.12,40.62,16.25,8.12,24.37,32.00,8.00,40.00,32.00,8.00,40.00,16.00,8.00,24.00
230,22.11,417.16,CPU bound. 22.11 GFLOP/s due to CPU bottleneck,22.11,417.16,,235.28,202.43,44.1,44.0,10.1,10.1,14.2,78.5 ,44.1,44.0,10.0,10.0,14.1,78.1 ,90.90,,41.1,43.7,10.7,10.2,14.4,,34.72,8.08,42.80,32.56,8.08,40.64,16.48,8.08,24.56,32.50,8.12,40.62,32.50,8.12,40.62,16.25,8.12,24.37,32.00,8.00,40.00,32.00,8.00,40.00,16.00,8.00,24.00
240,22.11,417.16,CPU bound. 22.11 GFLOP/s due to CPU bottleneck,22.11,417.16,,235.28,189.08,44.1,44.0,10.1,10.1,14.2,78.5 ,44.1,44.0,10.0,10.0,14.1,78.1 ,97.31,,41.9,44.9,10.6,10.2,14.4,,34.00,8.32,42.32,32.56,8.08,40.64,16.48,8.08,24.56,32.50,8.12,40.62,32.50,8.12,40.62,16.25,8.00,24.25,32.00,8.00,40.00,32.00,8.00,40.00,16.00,8.00,24.00
250,22.11,417.16,CPU bound. 22.11 GFLOP/s due to CPU bottleneck,22.11,417.16,,235.28,203.04,44.1,44.0,10.1,10.1,14.2,78.5 ,44.1,44.0,10.0,10.0,14.1,78.1 ,90.62,,40.9,43.6,10.5,10.2,14.4,,33.92,8.08,42.00,32.56,8.08,40.64,16.48,8.08,24.56,32.50,8.12,40.62,32.50,8.12,40.62,16.25,8.00,24.25,32.00,8.00,40.00,32.00,8.00,40.00,16.00,8.00,24.00
260,22.11,417.16,CPU bound. 22.11 GFLOP/s due to CPU bottleneck,22.11,417.16,,235.28,199.21,44.1,44.0,10.1,10.1,14.2,78.5 ,44.1,44.0,10.0,10.0,14.1,78.1 ,92.37,,41.9,44.8,10.5,10.2,14.4,,34.08,8.08,42.16,32.64,8.08,40.72,16.48,8.08,24.56,32.50,8.12,40.62,32.50,8.12,40.62,16.25,8.12,24.37,32.00,8.00,40.00,32.00,8.00,40.00,16.00,8.00,24.00
270,22.11,417.16,CPU bound. 22.11 GFLOP/s due to CPU bottleneck,22.11,417.16,,235.28,202.69,44.1,44.0,10.1,10.1,14.2,78.4 ,44.1,44.0,10.0,10.0,14.1,78.1 ,90.78,,41.1,43.6,11.9,10.2,14.4,,39.52,8.08,47.60,32.56,8.08,40.64,16.48,8.08,24.56,32.37,8.00,40.37,32.37,8.00,40.37,16.12,8.00,24.12,32.00,8.00,40.00,32.00,8.00,40.00,16.00,8.00,24.00
280,22.11,417.16,CPU bound. 22.11 GFLOP/s due to CPU bottleneck,22.11,417.16,,235.28,197.46,44.1,44.0,10.1,10.1,14.2,78.4 ,44.1,44.0,10.0,10.0,14.1,78.1 ,93.18,,41.7,44.6,10.8,10.2,14.4,,35.20,8.08,43.28,32.56,8.08,40.64,16.48,8.08,24.56,32.37,8.00,40.37,32.37,8.00,40.37,16.12,8.00,24.12,32.00,8.00,40.00,32.00,8.00,40.00,16.00,8.00,24.00
290,22.11,417.16,CPU bound. 22.11 GFLOP/s due to CPU bottleneck,22.11,417.16,,235.28,202.45,44.1,44.0,10.1,10.1,14.2,78.4 ,44.1,44.0,10.0,10.0,14.1,78.1 ,90.89,,40.8,43.6,12.7,10.1,14.4,,42.56,8.08,50.64,32.48,8.08,40.56,16.48,8.08,24.56,32.37,8.00,40.37,32.37,8.00,40.37,16.12,8.00,24.12,32.00,8.00,40.00,32.00,8.00,40.00,16.00,8.00,24.00
300,22.11,417.16,CPU bound. 22.11 GFLOP/s due to CPU bottleneck,22.11,417.16,,235.28,198.81,44.1,44.0,10.1,10.1,14.2,78.4 ,44.1,44.0,10.0,10.0,14.1,78.1 ,92.55,,41.8,44.5,11.8,10.2,14.4,,39.12,8.08,47.20,32.56,8.08,40.64,16.56,8.08,24.64,32.37,8.00,40.37,32.37,8.00,40.37,16.12,8.00,24.12,32.00,8.00,40.00,32.00,8.00,40.00,16.00,8.00,24.00
310,22.11,417.16,CPU bound. 22.11 GFLOP/s due to CPU bottleneck,22.11,417.16,,235.28,201.39,44.1,44.0,10.1,10.1,14.2,78.4 ,44.1,44.0,10.0,10.0,14.1,78.1 ,91.37,,41.1,43.5,11.7,10.1,14.4,,38.80,8.16,46.96,32.48,8.08,40.56,16.48,8.08,24.56,32.37,8.00,40.37,32.37,8.00,40.37,16.12,8.00,24.12,32.00,8.00,40.00,32.00,8.00,40.00,16.00,8.00,24.00
320,22.11,417.16,CPU bound. 22.11 GFLOP/s due to CPU bottleneck,22.11,417.16,,235.28,189.01,44.1,44.0,10.1,10.1,14.2,78.4 ,44.1,44.0,10.0,10.0,14.1,78.1 ,97.35,,41.2,44.4,11.3,10.1,14.5,,36.96,8.16,45.12,32.56,8.08,40.64,16.56,8.08,24.64,32.37,8.00,40.37,32.37,8.00,40.37,16.12,8.00,24.12,32.00,8.00,40.00,32.00,8.00,40.00,16.00,8.00,24.00
330,22.11,417.16,CPU bound. 22.11 GFLOP/s due to CPU bottleneck,22.11,417.16,,235.28,201.16,44.1,44.0,10.1,10.1,14.2,78.4 ,44.1,44.0,10.0,10.0,14.1,78.1 ,91.47,,40.8,43.5,11.7,10.1,14.5,,38.48,8.24,46.72,32.48,8.08,40.56,16.56,8.08,24.64,32.37,8.00,40.37,32.37,8.00,40.37,16.12,8.00,24.12,32.00,8.00,40.00,32.00,8.00,40.00,16.00,8.00,24.00
340,22.11,417.16,CPU bound. 22.11 GFLOP/s due to CPU bottleneck,22.11,417.16,,235.28,198.51,44.1,44.0,10.1,10.1,14.3,78.5 ,44.1,44.0,10.0,10.0,14.1,78.1 ,92.69,,41.6,44.4,12.4,10.1,14.5,,41.60,8.16,49.76,32.56,8.00,40.56,16.64,8.08,24.72,32.37,8.00,40.37,32.37,8.00,40.37,16.12,8.12,24.24,32.00,8.00,40.00,32.00,8.00,40.00,16.00,8.00,24.00
350,22.11,417.16,CPU bound. 22.11 GFLOP/s due to CPU bottleneck,22.11,417.16,,235.28,201.97,44.1,44.0,10.1,10.1,14.2,78.3 ,44.1,44.0,10.0,10.0,14.1,78.1 ,91.10,,41.1,43.5,12.5,10.1,14.5,,41.76,8.16,49.92,32.40,8.00,40.40,16.64,8.08,24.72,32.12,8.00,40.12,32.12,8.00,40.12,16.12,8.12,24.24,32.00,8.00,40.00,32.00,8.00,40.00,16.00,8.00,24.00
360,22.11,417.16,CPU bound. 22.11 GFLOP/s due to CPU bottleneck,22.11,417.16,,235.28,197.38,44.1,44.0,10.1,10.1,14.2,78.4 ,44.1,44.0,10.0,10.0,14.1,78.1 ,93.22,,41.5,44.3,12.8,10.1,14.5,,42.96,8.32,51.28,32.40,8.00,40.40,16.72,8.08,24.80,32.37,8.00,40.37,32.37,8.00,40.37,16.12,8.12,24.24,32.00,8.00,40.00,32.00,8.00,40.00,16.00,8.00,24.00
370,22.11,417.16,CPU bound. 22.11 GFLOP/s due to CPU bottleneck,22.11,417.16,,235.28,201.23,44.1,44.0,10.1,10.1,14.3,78.5 ,44.1,44.0,10.0,10.0,14.1,78.1 ,91.44,,40.8,43.4,12.9,10.1,14.6,,43.52,8.24,51.76,32.40,8.08,40.48,16.80,8.08,24.88,32.37,8.00,40.37,32.37,8.00,40.37,16.12,8.25,24.37,32.00,8.00,40.00,32.00,8.00,40.00,16.00,8.00,24.00
380,22.11,417.16,CPU bound. 22.11 GFLOP/s due to CPU bottleneck,22.11,417.16,,235.28,198.05,44.1,44.0,10.1,10.1,14.2,78.4 ,44.1,44.0,10.0,10.0,14.1,78.1 ,92.91,,41.5,44.2,12.5,10.1,14.6,,41.92,8.24,50.16,32.40,8.00,40.40,16.80,8.08,24.88,32.37,8.00,40.37,32.37,8.00,40.37,16.12,8.00,24.12,32.00,8.00,40.00,32.00,8.00,40.00,16.00,8.00,24.00
390,22.11,417.16,CPU bound. 22.11 GFLOP/s due to CPU bottleneck,22.11,417.16,,235.28,199.74,44.1,44.0,10.1,10.1,14.2,78.4 ,44.1,44.0,10.0,10.0,14.1,78.1 ,92.12,,41.1,43.4,13.0,10.1,14.7,,43.68,8.32,52.00,32.40,8.00,40.40,16.88,8.08,24.96,32.37,8.00,40.37,32.37,8.00,40.37,16.12,8.12,24.24,32.00,8.00,40.00,32.00,8.00,40.00,16.00,8.00,24.00
400,22.11,417.16,CPU bound. 22.11 GFLOP/s due to CPU bottleneck,22.11,417.16,,235.28,195.99,44.1,44.0,10.1,10.1,14.2,78.3 ,44.1,44.0,10.0,10.0,14.1,78.1 ,93.88,,41.5,44.2,15.6,10.1,14.7,,53.84,8.40,62.24,32.40,8.00,40.40,16.96,8.08,25.04,32.12,8.00,40.12,32.12,8.00,40.12,16.12,8.00,24.12,32.00,8.00,40.00,32.00,8.00,40.00,16.00,8.00,24.00
410,22.11,417.16,CPU bound. 22.11 GFLOP/s due to CPU bottleneck,21.82,411.69,0.60,203.95,199.57,44.1,44.0,10.1,10.1,14.2,78.4 ,44.1,44.0,22.0,10.0,14.1,90.1 ,92.20,,40.8,43.4,14.9,10.1,14.7,,50.96,8.48,59.44,32.40,8.00,40.40,17.04,8.08,25.12,32.37,8.00,40.37,32.37,8.00,40.37,16.12,8.00,24.12,80.00,8.00,88.00,32.00,8.00,40.00,16.00,8.00,24.00
420,22.11,417.16,CPU bound. 22.11 GFLOP/s due to CPU bottleneck,21.82,411.69,0.60,203.95,196.99,44.1,44.0,12.1,10.0,14.2,80.3 ,44.1,44.0,22.0,10.0,14.1,90.1 ,93.40,,41.6,44.1,16.2,10.1,14.8,,56.40,8.48,64.88,32.40,8.00,40.40,17.12,8.08,25.20,40.25,8.00,48.25,32.12,8.00,40.12,16.12,8.12,24.24,80.00,8.00,88.00,32.00,8.00,40.00,16.00,8.00,24.00
430,22.11,417.16,CPU bound. 22.11 GFLOP/s due to CPU bottleneck,21.82,411.69,0.60,203.95,198.59,44.1,44.0,10.0,10.0,14.2,78.3 ,44.1,44.0,22.0,10.0,14.1,90.1 ,92.65,,41.1,43.4,13.1,10.1,14.8,,44.08,8.40,52.48,32.40,8.00,40.40,17.20,8.08,25.28,32.12,8.00,40.12,32.12,8.00,40.12,16.12,8.25,24.37,80.00,8.00,88.00,32.00,8.00,40.00,16.00,8.00,24.00
440,22.11,417.16,CPU bound. 22.11 GFLOP/s due to CPU bottleneck,21.82,411.69,0.60,203.95,171.64,44.1,44.0,10.1,10.1,14.2,78.4 ,44.1,44.0,22.0,10.0,14.1,90.1 ,107.20,,41.1,44.0,12.2,10.1,15.0,,40.40,8.48,48.88,32.40,8.00,40.40,17.52,8.08,25.60,32.37,8.00,40.37,32.37,8.00,40.37,16.12,8.12,24.24,80.00,8.00,88.00,32.00,8.00,40.00,16.00,8.00,24.00
450,22.11,417.16,CPU bound. 22.11 GFLOP/s due to CPU bottleneck,21.82,411.69,0.60,203.95,200.23,44.1,44.0,14.1,10.1,14.2,82.4 ,44.1,44.0,22.0,10.0,14.1,90.1 ,91.90,,40.8,43.4,15.7,10.1,14.8,,54.16,8.48,62.64,32.40,8.00,40.40,17.04,8.08,25.12,48.37,8.00,56.37,32.37,8.00,40.37,16.12,8.12,24.24,80.00,8.00,88.00,32.00,8.00,40.00,16.00,8.00,24.00
460,22.11,417.16,CPU bound. 22.11 GFLOP/s due to CPU bottleneck,21.82,411.69,0.60,203.95,197.08,44.1,44.0,20.1,10.1,14.3,88.5 ,44.1,44.0,22.0,10.0,14.1,90.1 ,93.36,,41.4,44.0,21.4,10.1,14.8,,77.20,8.48,85.68,32.40,8.00,40.40,17.12,8.08,25.20,72.37,8.00,80.37,32.37,8.00,40.37,16.12,8.12,24.24,80.00,8.00,88.00,32.00,8.00,40.00,16.00,8.00,24.00
470,22.11,417.16,CPU bound. 22.11 GFLOP/s due to CPU bottleneck,21.82,411.69,0.60,203.95,198.55,44.1,44.0,18.1,10.1,14.3,86.5 ,44.1,44.0,22.0,10.0,14.1,90.1 ,92.67,,41.0,43.3,18.3,10.1,14.9,,64.64,8.40,73.04,32.32,8.00,40.32,17.28,8.08,25.36,64.37,8.00,72.37,32.37,8.00,40.37,16.12,8.25,24.37,80.00,8.00,88.00,32.00,8.00,40.00,16.00,8.00,24.00
480,22.11,417.16,CPU bound. 22.11 GFLOP/s due to CPU bottleneck,21.82,411.69,0.60,203.95,188.69,44.1,44.0,10.0,10.0,14.2,78.2 ,44.1,44.0,22.0,10.0,14.1,90.1 ,97.52,,41.0,44.0,11.6,10.1,15.0,,38.00,8.24,46.24,32.40,8.00,40.40,17.44,8.08,25.52,32.12,8.00,40.12,32.12,8.00,40.12,16.12,8.12,24.24,80.00,8.00,88.00,32.00,8.00,40.00,16.00,8.00,24.00
490,22.11,417.16,CPU bound. 22.11 GFLOP/s due to CPU bottleneck,21.82,411.69,0.60,203.95,176.39,44.1,44.0,14.1,10.0,14.1,82.2 ,44.1,44.0,22.0,10.0,14.1,90.1 ,104.32,,41.4,43.3,16.2,10.1,15.0,,56.16,8.64,64.80,32.32,8.00,40.32,17.52,8.08,25.60,48.25,8.00,56.25,32.12,8.00,40.12,16.12,8.00,24.12,80.00,8.00,88.00,32.00,8.00,40.00,16.00,8.00,24.00
500,21.74,410.18,0.60,21.82,411.69,0.60,203.95,196.57,44.1,44.0,22.1,10.1,14.3,90.5 ,44.1,44.0,22.0,10.0,14.1,90.1 ,93.60,,41.6,43.9,16.6,10.1,15.1,,58.08,8.40,66.48,32.32,8.00,40.32,17.60,8.08,25.68,80.37,8.00,88.37,32.37,8.00,40.37,16.12,8.25,24.37,80.00,8.00,88.00,32.00,8.00,40.00,16.00,8.00,24.00
510,22.11,417.16,CPU bound. 22.11 GFLOP/s due to CPU bottleneck,21.82,411.69,0.60,203.95,136.47,44.1,44.0,14.1,10.1,14.1,82.3 ,44.1,44.0,22.0,10.0,14.1,90.1 ,134.83,,39.3,43.3,27.0,10.1,15.2,,98.40,9.44,107.84,32.40,8.00,40.40,17.76,8.08,25.84,48.37,8.00,56.37,32.37,8.00,40.37,16.12,8.00,24.12,80.00,8.00,88.00,32.00,8.00,40.00,16.00,8.00,24.00
520,21.74,410.18,0.60,21.82,411.69,0.60,203.95,179.09,44.1,44.0,22.1,10.1,14.2,90.4 ,44.1,44.0,22.0,10.0,14.1,90.1 ,102.74,,40.3,43.9,22.6,10.1,15.0,,81.76,8.40,90.16,32.32,8.00,40.32,17.60,8.08,25.68,80.25,8.00,88.25,32.37,8.00,40.37,16.12,8.00,24.12,80.00,8.00,88.00,32.00,8.00,40.00,16.00,8.00,24.00
530,21.74,410.18,0.60,21.82,411.69,0.60,203.95,198.82,44.1,44.0,22.1,10.0,14.1,90.3 ,44.1,44.0,22.0,10.0,14.1,90.1 ,92.55,,40.9,43.3,22.6,10.1,15.0,,81.84,8.40,90.24,32.32,8.00,40.32,17.44,8.08,25.52,80.25,8.00,88.25,32.12,8.00,40.12,16.00,8.00,24.00,80.00,8.00,88.00,32.00,8.00,40.00,16.00,8.00,24.00
540,21.74,410.18,0.60,21.82,411.69,0.60,203.95,197.48,44.1,44.0,22.1,10.0,14.0,90.2 ,44.1,44.0,22.0,10.0,14.1,90.1 ,93.17,,41.4,43.9,22.7,10.1,15.0,,82.32,8.40,90.72,32.32,8.00,40.32,17.52,8.08,25.60,80.25,8.00,88.25,32.12,8.00,40.12,16.00,7.87,23.87,80.00,8.00,88.00,32.00,8.00,40.00,16.00,8.00,24.00
550,21.74,410.18,0.60,21.82,411.69,0.60,203.95,199.24,44.1,44.0,22.1,10.1,14.2,90.4 ,44.1,44.0,22.0,10.0,14.1,90.1 ,92.35,,41.0,43.3,22.5,10.1,15.2,,81.84,8.40,90.24,32.32,8.00,40.32,17.76,8.08,25.84,80.25,8.00,88.25,32.37,8.00,40.37,16.12,8.00,24.12,80.00,8.00,88.00,32.00,8.00,40.00,16.00,8.00,24.00
560,21.75,410.37,0.60,21.82,411.69,0.60,203.95,195.03,44.1,44.0,22.1,10.1,14.2,90.4 ,44.1,44.0,22.0,10.0,14.1,90.1 ,94.34,,41.3,43.8,22.8,10.1,15.3,,82.96,8.40,91.36,32.32,8.00,40.32,17.92,8.08,26.00,80.25,8.00,88.25,32.37,8.00,40.37,16.12,8.00,24.12,80.00,8.00,88.00,32.00,8.00,40.00,16.00,8.00,24.00
570,21.75,410.37,0.60,21.82,411.69,0.60,203.95,198.82,44.1,44.0,22.1,10.0,14.1,90.2 ,44.1,44.0,22.0,10.0,14.1,90.1 ,92.54,,40.8,43.3,22.5,10.1,15.3,,81.60,8.40,90.00,32.32,8.00,40.32,18.00,8.08,26.08,80.25,8.00,88.25,32.12,8.00,40.12,16.00,8.00,24.00,80.00,8.00,88.00,32.00,8.00,40.00,16.00,8.00,24.00
580,21.75,410.37,0.60,21.82,411.69,0.60,203.95,195.91,44.1,44.0,22.1,10.0,14.2,90.3 ,44.1,44.0,22.0,10.0,14.1,90.1 ,93.92,,41.3,43.8,22.7,10.2,15.5,,82.56,8.40,90.96,32.64,8.00,40.64,18.32,8.08,26.40,80.25,8.00,88.25,32.12,8.00,40.12,16.00,8.12,24.12,80.00,8.00,88.00,32.00,8.00,40.00,16.00,8.00,24.00
590,21.75,410.37,0.60,21.82,411.69,0.60,203.95,197.79,44.1,44.0,22.1,10.0,14.2,90.3 ,44.1,44.0,22.0,10.0,14.1,90.1 ,93.03,,41.0,43.3,22.6,10.1,15.6,,82.08,8.40,90.48,32.32,8.00,40.32,18.56,8.08,26.64,80.25,8.00,88.25,32.12,8.00,40.12,16.00,8.12,24.12,80.00,8.00,88.00,32.00,8.00,40.00,16.00,8.00,24.00
600,21.75,410.37,0.60,21.82,411.69,0.60,203.95,195.04,44.1,44.0,22.1,10.0,14.1,90.2 ,44.1,44.0,22.0,10.0,14.1,90.1 ,94.34,,41.2,43.8,22.7,10.1,15.6,,82.32,8.32,90.64,32.32,8.00,40.32,18.56,8.08,26.64,80.25,8.00,88.25,32.12,8.00,40.12,16.00,8.00,24.00,80.00,8.00,88.00,32.00,8.00,40.00,16.00,8.00,24.00
610,21.75,410.37,0.60,21.82,411.69,0.60,203.95,188.70,44.1,44.0,22.1,10.1,14.2,90.4 ,44.1,44.0,22.0,10.0,14.1,90.1 ,97.51,,41.9,44.2,22.5,10.1,15.6,,81.84,8.32,90.16,32.32,8.00,40.32,18.56,8.08,26.64,80.25,8.00,88.25,32.37,8.00,40.37,16.12,8.00,24.12,80.00,8.00,88.00,32.00,8.00,40.00,16.00,8.00,24.00
620,21.75,410.37,0.60,21.82,411.69,0.60,203.95,164.83,44.1,44.0,22.1,10.1,14.2,90.4 ,44.1,44.0,22.0,10.0,14.1,90.1 ,111.63,,40.9,44.6,22.5,10.1,15.6,,81.60,8.32,89.92,32.32,8.00,40.32,18.56,8.08,26.64,80.25,8.00,88.25,32.37,8.00,40.37,16.12,8.00,24.12,80.00,8.00,88.00,32.00,8.00,40.00,16.00,8.00,24.00
630,21.76,410.56,0.60,21.82,411.69,0.60,203.95,187.38,44.1,44.0,22.1,10.0,14.1,90.2 ,44.1,44.0,22.0,10.0,14.1,90.1 ,98.19,,41.9,44.2,22.6,10.1,15.9,,82.08,8.32,90.40,32.32,8.00,40.32,18.96,8.08,27.04,80.25,8.00,88.25,32.12,8.00,40.12,16.00,8.00,24.00,80.00,8.00,88.00,32.00,8.00,40.00,16.00,8.00,24.00
640,21.76,410.56,0.60,21.82,411.69,0.60,203.95,184.48,44.1,44.0,22.1,10.0,14.1,90.2 ,44.1,44.0,22.0,10.0,14.1,90.1 ,99.74,,41.1,44.6,22.6,10.1,16.0,,82.24,8.32,90.56,32.32,8.00,40.32,19.20,8.08,27.28,80.25,8.00,88.25,32.12,8.00,40.12,16.00,8.00,24.00,80.00,8.00,88.00,32.00,8.00,40.00,16.00,8.00,24.00
650,21.76,410.56,0.60,21.82,411.69,0.60,203.95,189.37,44.1,44.0,22.1,10.0,14.1,90.2 ,44.1,44.0,22.0,10.0,14.1,90.1 ,97.16,,41.8,44.1,22.6,10.1,16.1,,82.00,8.32,90.32,32.32,8.00,40.32,19.28,8.08,27.36,80.25,8.00,88.25,32.12,8.00,40.12,16.00,7.87,23.87,80.00,8.00,88.00,32.00,8.00,40.00,16.00,8.00,24.00
660,21.76,410.56,0.60,21.82,411.69,0.60,203.95,198.61,44.1,44.0,22.1,10.0,14.1,90.2 ,44.1,44.0,22.0,10.0,14.1,90.1 ,92.65,,42.0,44.5,22.6,10.1,16.3,,82.00,8.32,90.32,32.32,8.00,40.32,19.68,8.08,27.76,80.25,8.00,88.25,32.12,8.00,40.12,16.00,7.87,23.87,80.00,8.00,88.00,32.00,8.00,40.00,16.00,8.00,24.00
670,21.76,410.56,0.60,21.82,411.69,0.60,203.95,189.71,44.1,44.0,22.1,10.0,14.0,90.1 ,44.1,44.0,22.0,10.0,14.1,90.1 ,96.99,,41.8,44.1,22.6,10.1,16.3,,82.00,8.32,90.32,32.32,8.00,40.32,19.76,8.08,27.84,80.25,8.00,88.25,32.12,8.00,40.12,16.00,7.75,23.75,80.00,8.00,88.00,32.00,8.00,40.00,16.00,8.00,24.00
680,21.76,410.56,0.60,21.82,411.69,0.60,203.95,197.86,44.1,44.0,22.1,10.0,14.1,90.2 ,44.1,44.0,22.0,10.0,14.1,90.1 ,93.00,,42.0,44.5,22.6,10.1,16.8,,81.92,8.32,90.24,32.32,8.00,40.32,20.56,8.08,28.64,80.25,8.00,88.25,32.12,8.00,40.12,16.00,7.87,23.87,80.00,8.00,88.00,32.00,8.00,40.00,16.00,8.00,24.00
690,21.76,410.56,0.60,21.82,411.69,0.60,203.95,189.39,44.1,44.0,22.1,10.0,14.1,90.2 ,44.1,44.0,22.0,10.0,14.1,90.1 ,97.15,,41.7,44.1,22.6,10.1,16.9,,81.92,8.32,90.24,32.32,8.00,40.32,20.80,8.08,28.88,80.25,8.00,88.25,32.12,8.00,40.12,16.00,8.00,24.00,80.00,8.00,88.00,32.00,8.00,40.00,16.00,8.00,24.00
700,21.76,410.56,0.60,21.82,411.69,0.60,203.95,198.76,44.1,44.0,22.1,10.0,14.1,90.2 ,44.1,44.0,22.0,10.0,14.1,90.1 ,92.58,,41.9,44.4,22.5,10.1,17.1,,81.84,8.32,90.16,32.32,8.00,40.32,21.04,8.08,29.12,80.25,8.00,88.25,32.12,8.00,40.12,16.00,8.00,24.00,80.00,8.00,88.00,32.00,8.00,40.00,16.00,8.00,24.00
710,21.76,410.56,0.60,21.82,411.69,0.60,203.95,188.12,44.1,44.0,22.1,10.1,14.3,90.4 ,44.1,44.0,22.0,10.0,14.1,90.1 ,97.81,,41.7,44.0,22.6,10.1,17.2,,82.00,8.40,90.40,32.32,8.00,40.32,21.20,8.08,29.28,80.25,8.00,88.25,32.37,8.00,40.37,16.12,8.12,24.24,80.00,8.00,88.00,32.00,8.00,40.00,16.00,8.00,24.00
720,21.76,410.56,0.60,21.82,411.69,0.60,203.95,197.06,44.1,44.0,22.1,10.1,14.2,90.4 ,44.1,44.0,22.0,10.0,14.1,90.1 ,93.37,,42.0,44.4,22.6,10.1,17.7,,82.24,8.32,90.56,32.24,8.00,40.24,22.16,8.08,30.24,80.25,8.00,88.25,32.37,8.12,40.49,16.12,8.00,24.12,80.00,8.00,88.00,32.00,8.00,40.00,16.00,8.00,24.00
730,21.76,410.56,0.60,21.82,411.69,0.60,203.95,189.34,44.1,44.0,22.1,10.0,14.1,90.1 ,44.1,44.0,22.0,10.0,14.1,90.1 ,97.18,,41.8,44.0,22.5,10.1,18.1,,81.84,8.32,90.16,32.32,8.00,40.32,22.88,8.08,30.96,80.25,8.00,88.25,32.12,8.00,40.12,16.00,7.87,23.87,80.00,8.00,88.00,32.00,8.00,40.00,16.00,8.00,24.00
740,21.77,410.75,0.60,21.82,411.69,0.60,203.95,199.30,44.1,44.0,22.1,10.0,14.1,90.2 ,44.1,44.0,22.0,10.0,14.1,90.1 ,92.32,,42.0,44.3,22.5,10.1,18.1,,81.60,8.32,89.92,32.24,8.00,40.24,22.80,8.08,30.88,80.25,8.00,88.25,32.12,8.00,40.12,16.00,8.00,24.00,80.00,8.00,88.00,32.00,8.00,40.00,16.00,8.00,24.00
750,21.77,410.75,0.60,21.82,411.69,0.60,203.95,189.09,44.1,44.0,22.1,10.0,14.0,90.1 ,44.1,44.0,22.0,10.0,14.1,90.1 ,97.31,,41.7,44.0,22.5,10.1,18.4,,81.84,8.32,90.16,32.24,8.00,40.24,23.28,8.08,31.36,80.25,8.00,88.25,32.12,8.00,40.12,16.00,7.87,23.87,80.00,8.00,88.00,32.00,8.00,40.00,16.00,8.00,24.00
760,21.77,410.75,0.60,21.82,411.69,0.60,203.95,197.86,44.1,44.0,22.1,10.0,14.1,90.2 ,44.1,44.0,22.0,10.0,14.1,90.1 ,92.99,,41.9,44.3,22.5,10.1,19.0,,81.76,8.32,90.08,32.24,8.00,40.24,25.04,8.08,33.12,80.25,8.00,88.25,32.12,8.00,40.12,16.00,8.00,24.00,80.00,8.00,88.00,32.00,8.00,40.00,16.00,8.00,24.00
770,21.77,410.75,0.60,21.82,411.69,0.60,203.95,160.17,44.1,44.0,22.1,10.0,14.2,90.2 ,44.1,44.0,22.0,10.0,14.1,90.1 ,114.88,,40.7,44.0,23.0,10.1,18.6,,83.68,8.24,91.92,32.32,8.00,40.32,24.32,8.08,32.40,80.25,8.00,88.25,32.12,8.00,40.12,16.00,8.12,24.12,80.00,8.00,88.00,32.00,8.00,40.00,16.00,8.00,24.00
780,21.77,410.75,0.60,21.82,411.69,0.60,203.95,198.65,44.1,44.0,22.1,10.0,14.1,90.2 ,44.1,44.0,22.0,10.0,14.1,90.1 ,92.63,,41.8,44.3,22.5,10.1,19.6,,81.60,8.24,89.84,32.24,8.00,40.24,26.00,8.08,34.08,80.25,8.00,88.25,32.12,8.00,40.12,16.00,8.00,24.00,80.00,8.00,88.00,32.00,8.00,40.00,16.00,8.00,24.00
790,21.77,410.75,0.60,21.82,411.69,0.60,203.95,188.69,44.1,44.0,22.1,10.0,14.1,90.2 ,44.1,44.0,22.0,10.0,14.1,90.1 ,97.51,,41.6,43.9,22.5,10.1,19.9,,81.76,8.24,90.00,32.24,8.00,40.24,26.56,8.08,34.64,80.25,8.00,88.25,32.12,8.00,40.12,16.00,8.00,24.00,80.00,8.00,88.00,32.00,8.00,40.00,16.00,8.00,24.00
800,21.77,410.75,0.60,21.82,411.69,0.60,203.95,188.68,44.1,44.0,22.1,10.0,14.1,90.2 ,44.1,44.0,22.0,10.0,14.1,90.1 ,97.52,,41.5,44.2,23.1,10.1,19.6,,84.08,8.24,92.32,32.32,8.00,40.32,26.08,8.08,34.16,80.25,8.00,88.25,32.12,8.00,40.12,16.00,8.00,24.00,80.00,8.00,88.00,32.00,8.00,40.00,16.00,8.00,24.00
810,21.77,410.75,0.60,21.82,411.69,0.60,203.95,189.09,44.1,44.0,22.1,10.0,14.1,90.2 ,44.1,44.0,22.0,10.0,14.1,90.1 ,97.31,,41.6,43.9,22.5,10.1,20.0,,81.68,8.24,89.92,32.24,8.00,40.24,26.64,8.08,34.72,80.25,8.00,88.25,32.12,8.00,40.12,16.00,8.00,24.00,80.00,8.00,88.00,32.00,8.00,40.00,16.00,8.00,24.00
820,21.77,410.75,0.60,21.82,411.69,0.60,203.95,198.41,44.1,44.0,22.1,10.0,14.1,90.2 ,44.1,44.0,22.0,10.0,14.1,90.1 ,92.74,,41.7,44.2,22.5,10.1,20.2,,81.60,8.24,89.84,32.24,8.00,40.24,27.04,8.08,35.12,80.25,8.00,88.25,32.12,8.00,40.12,16.00,8.00,24.00,80.00,8.00,88.00,32.00,8.00,40.00,16.00,8.00,24.00
830,21.77,410.75,0.60,21.82,411.69,0.60,203.95,188.57,44.1,44.0,22.1,10.0,14.1,90.2 ,44.1,44.0,22.0,10.0,14.1,90.1 ,97.58,,41.6,43.9,22.4,10.1,20.0,,81.52,8.24,89.76,32.24,8.00,40.24,26.80,8.08,34.88,80.25,8.00,88.25,32.12,8.00,40.12,16.00,8.00,24.00,80.00,8.00,88.00,32.00,8.00,40.00,16.00,8.00,24.00
840,21.77,410.75,0.60,21.82,411.69,0.60,203.95,196.96,44.1,44.0,22.1,10.0,14.1,90.2 ,44.1,44.0,22.0,10.0,14.1,90.1 ,93.42,,41.7,44.2,22.5,10.1,21.0,,81.68,8.24,89.92,32.24,8.00,40.24,28.48,8.08,36.56,80.25,8.00,88.25,32.12,8.00,40.12,16.00,8.00,24.00,80.00,8.00,88.00,32.00,8.00,40.00,16.00,8.00,24.00
850,18.09,341.32,1.34,17.82,336.22,1.32,185.61,188.32,44.1,44.0,22.1,10.0,22.7,98.7 ,44.1,44.0,22.0,10.0,23.0,99.0 ,97.71,,41.6,43.9,22.5,10.1,20.6,,81.68,8.24,89.92,32.32,8.00,40.32,27.84,8.08,35.92,80.25,8.00,88.25,32.12,8.00,40.12,31.50,7.87,39.37,80.00,8.00,88.00,32.00,8.00,40.00,32.00,8.00,40.00
860,17.72,334.33,1.32,17.82,336.22,1.32,185.61,198.74,44.1,44.0,22.1,10.1,23.1,99.3 ,44.1,44.0,22.0,10.0,23.0,99.0 ,92.58,,41.7,44.2,22.5,10.1,21.1,,81.60,8.24,89.84,32.24,8.00,40.24,28.64,8.08,36.72,80.25,8.00,88.25,32.50,8.00,40.50,32.25,8.00,40.25,80.00,8.00,88.00,32.00,8.00,40.00,32.00,8.00,40.00
870,17.54,330.94,1.30,17.82,336.22,1.32,185.61,189.07,44.1,44.0,22.1,10.1,23.4,99.5 ,44.1,44.0,22.0,10.0,23.0,99.0 ,97.32,,41.5,43.8,22.5,10.1,20.7,,81.60,8.24,89.84,32.24,8.00,40.24,27.92,8.08,36.00,80.12,8.00,88.12,32.50,8.00,40.50,32.50,8.12,40.62,80.00,8.00,88.00,32.00,8.00,40.00,32.00,8.00,40.00
880,17.53,330.75,1.30,17.82,336.22,1.32,185.61,195.10,44.1,44.0,22.1,10.1,23.4,99.5 ,44.1,44.0,22.0,10.0,23.0,99.0 ,94.31,,41.7,44.1,22.6,10.1,21.1,,82.08,8.24,90.32,32.24,8.00,40.24,28.72,8.08,36.80,80.12,8.00,88.12,32.50,8.00,40.50,32.50,8.12,40.62,80.00,8.00,88.00,32.00,8.00,40.00,32.00,8.00,40.00
890,17.53,330.75,1.30,17.82,336.22,1.32,185.61,188.47,44.1,44.0,22.1,10.1,23.4,99.5 ,44.1,44.0,22.0,10.0,23.0,99.0 ,97.63,,41.6,43.8,22.5,10.1,21.0,,81.60,8.24,89.84,32.24,8.00,40.24,28.40,8.08,36.48,80.12,8.00,88.12,32.50,8.00,40.50,32.50,8.12,40.62,80.00,8.00,88.00,32.00,8.00,40.00,32.00,8.00,40.00
900,17.53,330.75,1.30,17.82,336.22,1.32,185.61,197.66,44.1,44.0,22.0,10.1,23.4,99.6 ,44.1,44.0,22.0,10.0,23.0,99.0 ,93.09,,41.7,44.1,22.5,10.1,21.3,,81.60,8.24,89.84,32.24,8.00,40.24,29.04,8.08,37.12,80.12,8.00,88.12,32.50,8.00,40.50,32.50,8.12,40.62,80.00,8.00,88.00,32.00,8.00,40.00,32.00,8.00,40.00
910,17.59,331.88,1.31,17.82,336.22,1.32,185.61,186.88,44.1,44.0,22.0,10.2,23.3,99.5 ,44.1,44.0,22.0,10.0,23.0,99.0 ,98.46,,41.6,43.8,22.4,10.1,21.7,,81.44,8.24,89.68,32.24,8.00,40.24,29.68,8.08,37.76,80.12,8.00,88.12,32.50,8.12,40.62,32.50,8.00,40.50,80.00,8.00,88.00,32.00,8.00,40.00,32.00,8.00,40.00
920,17.78,335.47,1.32,17.82,336.22,1.32,185.61,194.78,44.1,44.0,22.0,10.0,23.0,99.1 ,44.1,44.0,22.0,10.0,23.0,99.0 ,94.47,,41.7,44.1,22.4,10.1,21.2,,81.36,8.24,89.60,32.24,8.00,40.24,28.88,8.08,36.96,80.12,8.00,88.12,32.12,8.00,40.12,32.12,8.00,40.12,80.00,8.00,88.00,32.00,8.00,40.00,32.00,8.00,40.00
930,17.78,335.47,1.32,17.82,336.22,1.32,185.61,188.30,44.1,44.0,22.0,10.0,23.0,99.1 ,44.1,44.0,22.0,10.0,23.0,99.0 ,97.71,,41.6,43.8,22.4,10.1,21.6,,81.52,8.24,89.76,32.24,8.00,40.24,29.60,8.08,37.68,80.12,8.00,88.12,32.12,8.00,40.12,32.12,8.00,40.12,80.00,8.00,88.00,32.00,8.00,40.00,32.00,8.00,40.00
940,17.78,335.47,1.32,17.82,336.22,1.32,185.61,198.62,44.1,44.0,22.0,10.0,23.0,99.1 ,44.1,44.0,22.0,10.0,23.0,99.0 ,92.64,,41.7,44.1,22.4,10.1,21.7,,81.52,8.24,89.76,32.24,8.00,40.24,29.68,8.08,37.76,80.12,8.00,88.12,32.12,8.00,40.12,32.12,8.00,40.12,80.00,8.00,88.00,32.00,8.00,40.00,32.00,8.00,40.00
950,17.78,335.47,1.32,17.82,336.22,1.32,185.61,188.61,44.1,44.0,22.0,10.0,23.0,99.1 ,44.1,44.0,22.0,10.0,23.0,99.0 ,97.55,,41.6,43.8,22.4,10.1,22.0,,81.52,8.24,89.76,32.24,8.00,40.24,30.24,8.08,38.32,80.12,8.00,88.12,32.12,8.00,40.12,32.12,8.00,40.12,80.00,8.00,88.00,32.00,8.00,40.00,32.00,8.00,40.00
960,17.78,335.47,1.32,17.82,336.22,1.32,185.61,179.61,44.1,44.0,22.0,10.0,23.0,99.1 ,44.1,44.0,22.0,10.0,23.0,99.0 ,102.45,,41.1,44.0,22.9,10.1,22.0,,83.36,8.24,91.60,32.24,8.00,40.24,30.32,8.08,38.40,80.12,8.00,88.12,32.12,8.00,40.12,32.12,8.00,40.12,80.00,8.00,88.00,32.00,8.00,40.00,32.00,8.00,40.00
970,17.78,335.47,1.32,17.82,336.22,1.32,185.61,188.83,44.1,44.0,22.0,10.0,23.0,99.1 ,44.1,44.0,22.0,10.0,23.0,99.0 ,97.44,,41.6,43.8,22.4,10.1,22.3,,81.52,8.24,89.76,32.24,8.00,40.24,30.80,8.08,38.88,80.12,8.00,88.12,32.12,8.00,40.12,32.12,8.00,40.12,80.00,8.00,88.00,32.00,8.00,40.00,32.00,8.00,40.00
980,17.78,335.47,1.32,17.82,336.22,1.32,185.61,198.99,44.1,44.0,22.0,10.0,23.0,99.1 ,44.1,44.0,22.0,10.0,23.0,99.0 ,92.47,,41.6,44.0,22.4,10.1,22.3,,81.52,8.24,89.76,32.24,8.00,40.24,30.80,8.08,38.88,80.12,8.00,88.12,32.12,8.00,40.12,32.12,8.00,40.12,80.00,8.00,88.00,32.00,8.00,40.00,32.00,8.00,40.00
990,17.78,335.47,1.32,17.82,336.22,1.32,185.61,188.34,44.1,44.0,22.0,10.0,23.0,99.1 ,44.1,44.0,22.0,10.0,23.0,99.0 ,97.70,,41.5,43.7,22.4,10.1,22.4,,81.44,8.24,89.68,32.24,8.00,40.24,30.96,8.08,39.04,80.12,8.00,88.12,32.12,8.00,40.12,32.12,8.00,40.12,80.00,8.00,88.00,32.00,8.00,40.00,32.00,8.00,40.00
1000,17.79,335.66,1.32,17.82,336.22,1.32,185.61,195.95,44.1,44.0,22.0,10.0,23.0,99.1 ,44.1,44.0,22.0,10.0,23.0,99.0 ,93.90,,41.6,44.0,22.6,10.1,22.6,,81.92,8.24,90.16,32.24,8.00,40.24,31.20,8.08,39.28,80.12,8.00,88.12,32.12,8.00,40.12,32.12,8.00,40.12,80.00,8.00,88.00,32.00,8.00,40.00,32.00,8.00,40.00
1010,17.79,335.66,1.32,17.82,336.22,1.32,185.61,186.67,44.1,44.0,22.0,10.0,23.0,99.1 ,44.1,44.0,22.0,10.0,23.0,99.0 ,98.57,,41.5,43.7,22.4,10.1,22.7,,81.52,8.24,89.76,32.24,8.00,40.24,31.44,8.08,39.52,80.12,8.00,88.12,32.12,8.00,40.12,32.12,8.00,40.12,80.00,8.00,88.00,32.00,8.00,40.00,32.00,8.00,40.00
1020,17.79,335.66,1.32,17.82,336.22,1.32,185.61,165.00,44.1,44.0,22.0,10.0,23.0,99.1 ,44.1,44.0,22.0,10.0,23.0,99.0 ,111.51,,41.2,44.0,24.3,10.1,22.9,,88.88,8.24,97.12,32.40,8.00,40.40,31.84,8.08,39.92,80.12,8.00,88.12,32.12,8.00,40.12,32.12,8.00,40.12,80.00,8.00,88.00,32.00,8.00,40.00,32.00,8.00,40.00
1030,17.79,335.66,1.32,17.82,336.22,1.32,185.61,166.29,44.1,44.0,22.0,10.0,23.0,99.1 ,44.1,44.0,22.0,10.0,23.0,99.0 ,110.65,,41.6,43.7,22.6,10.1,23.0,,82.16,8.24,90.40,32.24,8.00,40.24,32.00,8.08,40.08,80.12,8.00,88.12,32.00,8.00,40.00,32.00,8.00,40.00,80.00,8.00,88.00,32.00,8.00,40.00,32.00,8.00,40.00
1040,17.79,335.66,1.32,17.82,336.22,1.32,185.61,194.04,44.1,44.0,22.0,10.0,23.0,99.1 ,44.1,44.0,22.0,10.0,23.0,99.0 ,94.83,,41.6,44.0,22.5,10.1,23.1,,81.84,8.24,90.08,32.32,8.00,40.32,32.08,8.08,40.16,80.12,8.00,88.12,32.00,8.00,40.00,32.00,8.00,40.00,80.00,8.00,88.00,32.00,8.00,40.00,32.00,8.00,40.00
1050,17.79,335.66,1.32,17.82,336.22,1.32,185.61,187.75,44.1,44.0,22.0,10.0,23.0,99.1 ,44.1,44.0,22.0,10.0,23.0,99.0 ,98.00,,41.5,43.7,22.4,10.1,23.1,,81.36,8.24,89.60,32.24,8.00,40.24,32.08,8.08,40.16,80.12,8.00,88.12,32.00,8.00,40.00,32.00,8.00,40.00,80.00,8.00,88.00,32.00,8.00,40.00,32.00,8.00,40.00
1060,17.79,335.66,1.32,17.82,336.22,1.32,185.61,197.39,44.1,44.0,22.0,10.0,23.0,99.1 ,44.1,44.0,22.0,10.0,23.0,99.0 ,93.22,,41.6,43.9,22.4,10.1,23.2,,81.36,8.24,89.60,32.24,8.00,40.24,32.32,8.08,40.40,80.12,8.00,88.12,32.00,8.00,40.00,32.00,8.00,40.00,80.00,8.00,88.00,32.00,8.00,40.00,32.00,8.00,40.00
1070,17.79,335.66,1.32,17.82,336.22,1.32,185.61,186.36,44.1,44.0,22.0,10.0,23.0,99.1 ,44.1,44.0,22.0,10.0,23.0,99.0 ,98.73,,41.5,43.7,23.0,10.1,23.2,,82.88,9.04,91.92,32.24,8.00,40.24,32.40,8.08,40.48,80.12,8.00,88.12,32.00,8.00,40.00,32.00,8.00,40.00,80.00,8.00,88.00,32.00,8.00,40.00,32.00,8.00,40.00
1080,17.79,335.66,1.32,17.82,336.22,1.32,185.61,179.55,44.1,44.0,22.0,10.0,23.0,99.1 ,44.1,44.0,22.0,10.0,23.0,99.0 ,102.48,,40.2,43.9,22.4,10.1,23.4,,81.44,8.16,89.60,32.24,8.00,40.24,32.56,8.08,40.64,80.12,8.00,88.12,32.00,8.00,40.00,32.00,8.00,40.00,80.00,8.00,88.00,32.00,8.00,40.00,32.00,8.00,40.00
1090,17.79,335.66,1.32,17.82,336.22,1.32,185.61,187.24,44.1,44.0,22.0,10.0,23.0,99.1 ,44.1,44.0,22.0,10.0,23.0,99.0 ,98.27,,41.4,43.7,22.4,10.1,23.3,,81.28,8.16,89.44,32.24,8.00,40.24,32.56,8.08,40.64,80.12,8.00,88.12,32.00,8.00,40.00,32.00,8.00,40.00,80.00,8.00,88.00,32.00,8.00,40.00,32.00,8.00,40.00
1100,17.79,335.66,1.32,17.82,336.22,1.32,185.61,199.01,44.1,44.0,22.0,10.0,23.0,99.1 ,44.1,44.0,22.0,10.0,23.0,99.0 ,92.46,,41.5,43.9,22.4,10.0,23.3,,81.60,8.16,89.76,32.24,7.92,40.16,32.48,8.08,40.56,80.12,8.00,88.12,32.00,8.00,40.00,32.00,8.00,40.00,80.00,8.00,88.00,32.00,8.00,40.00,32.00,8.00,40.00
1110,17.79,335.66,1.32,17.82,336.22,1.32,185.61,187.09,44.1,44.0,22.0,10.0,23.0,99.1 ,44.1,44.0,22.0,10.0,23.0,99.0 ,98.35,,41.5,43.7,22.4,10.0,23.4,,81.44,8.16,89.60,32.24,8.00,40.24,32.56,8.08,40.64,80.12,8.00,88.12,32.00,8.00,40.00,32.00,8.00,40.00,80.00,8.00,88.00,32.00,8.00,40.00,32.00,8.00,40.00
1120,17.79,335.66,1.32,17.82,336.22,1.32,185.61,184.91,44.1,44.0,22.0,10.0,23.0,99.1 ,44.1,44.0,22.0,10.0,23.0,99.0 ,99.51,,41.1,43.9,23.0,10.1,23.4,,83.84,8.16,92.00,32.32,8.00,40.32,32.64,8.08,40.72,80.12,8.00,88.12,32.00,8.00,40.00,32.00,8.00,40.00,80.00,8.00,88.00,32.00,8.00,40.00,32.00,8.00,40.00
1130,17.79,335.66,1.32,17.82,336.22,1.32,185.61,188.58,44.1,44.0,22.0,10.0,23.0,99.1 ,44.1,44.0,22.0,10.0,23.0,99.0 ,97.57,,41.5,43.7,22.4,10.1,23.4,,81.28,8.16,89.44,32.32,8.00,40.32,32.72,8.08,40.80,80.12,8.00,88.12,32.00,8.00,40.00,32.00,8.00,40.00,80.00,8.00,88.00,32.00,8.00,40.00,32.00,8.00,40.00
1140,17.79,335.66,1.32,17.82,336.22,1.32,185.61,198.68,44.1,44.0,22.0,10.0,23.0,99.1 ,44.1,44.0,22.0,10.0,23.0,99.0 ,92.61,,41.5,43.9,22.4,10.1,23.4,,81.36,8.16,89.52,32.24,8.00,40.24,32.64,8.08,40.72,80.12,8.00,88.12,32.00,8.00,40.00,32.00,8.00,40.00,80.00,8.00,88.00,32.00,8.00,40.00,32.00,8.00,40.00
1150,17.79,335.66,1.32,17.82,336.22,1.32,185.61,159.93,44.1,44.0,22.0,10.0,23.0,99.1 ,44.1,44.0,22.0,10.0,23.0,99.0 ,115.05,,40.5,43.6,22.4,10.1,23.6,,81.36,8.16,89.52,32.24,8.00,40.24,32.88,8.08,40.96,80.12,8.00,88.12,32.00,8.00,40.00,32.00,8.00,40.00,80.00,8.00,88.00,32.00,8.00,40.00,32.00,8.00,40.00
1160,17.79,335.66,1.32,17.82,336.22,1.32,185.61,196.90,44.1,44.0,22.0,10.0,23.0,99.1 ,44.1,44.0,22.0,10.0,23.0,99.0 ,93.45,,41.5,43.9,22.5,10.1,23.5,,81.60,8.16,89.76,32.24,8.00,40.24,32.80,8.08,40.88,80.12,8.00,88.12,32.00,8.00,40.00,32.00,8.00,40.00,80.00,8.00,88.00,32.00,8.00,40.00,32.00,8.00,40.00
1170,17.79,335.66,1.32,17.82,336.22,1.32,185.61,188.45,44.1,44.0,22.0,10.0,23.0,99.1 ,44.1,44.0,22.0,10.0,23.0,99.0 ,97.64,,41.5,43.6,22.4,10.1,23.5,,81.28,8.16,89.44,32.32,8.00,40.32,32.80,8.08,40.88,80.12,8.00,88.12,32.00,8.00,40.00,32.00,8.00,40.00,80.00,8.00,88.00,32.00,8.00,40.00,32.00,8.00,40.00
1180,17.79,335.66,1.32,17.82,336.22,1.32,185.61,198.03,44.1,44.0,22.0,10.0,23.0,99.1 ,44.1,44.0,22.0,10.0,23.0,99.0 ,92.92,,41.4,43.8,22.4,10.1,23.5,,81.36,8.16,89.52,32.24,8.00,40.24,32.80,8.08,40.88,80.12,8.00,88.12,32.00,8.00,40.00,32.00,8.00,40.00,80.00,8.00,88.00,32.00,8.00,40.00,32.00,8.00,40.00
1190,17.79,335.66,1.32,17.82,336.22,1.32,185.61,186.74,44.1,44.0,22.0,10.0,23.0,99.1 ,44.1,44.0,22.0,10.0,23.0,99.0 ,98.53,,41.3,43.6,22.4,10.1,23.5,,81.52,8.16,89.68,32.32,8.00,40.32,32.88,8.08,40.96,80.12,8.00,88.12,32.00,8.00,40.00,32.00,8.00,40.00,80.00,8.00,88.00,32.00,8.00,40.00,32.00,8.00,40.00
1200,17.79,335.66,1.32,17.82,336.22,1.32,185.61,188.60,44.1,44.0,22.0,10.0,23.0,99.1 ,44.1,44.0,22.0,10.0,23.0,99.0 ,97.56,,41.6,43.8,22.5,10.1,23.5,,81.84,8.16,90.00,32.24,8.00,40.24,32.88,8.08,40.96,80.12,8.00,88.12,32.00,8.00,40.00,32.00,8.00,40.00,80.00,8.00,88.00,32.00,8.00,40.00,32.00,8.00,40.00
1210,17.79,335.66,1.32,17.82,336.22,1.32,185.61,189.51,44.1,44.0,22.0,10.0,23.0,99.1 ,44.1,44.0,22.0,10.0,23.0,99.0 ,97.09,,41.5,43.6,22.4,10.1,23.5,,81.28,8.16,89.44,32.24,8.00,40.24,32.88,8.08,40.96,80.12,8.00,88.12,32.00,8.00,40.00,32.00,8.00,40.00,80.00,8.00,88.00,32.00,8.00,40.00,32.00,8.00,40.00
1220,17.79,335.66,1.32,17.82,336.22,1.32,185.61,198.35,44.1,44.0,22.0,10.0,23.0,99.1 ,44.1,44.0,22.0,10.0,23.0,99.0 ,92.77,,41.5,43.8,22.4,10.1,23.5,,81.28,8.16,89.44,32.24,8.00,40.24,32.88,8.08,40.96,80.12,8.00,88.12,32.00,8.00,40.00,32.00,8.00,40.00,80.00,8.00,88.00,32.00,8.00,40.00,32.00,8.00,40.00
1230,17.79,335.66,1.32,17.82,336.22,1.32,185.61,188.99,44.1,44.0,22.0,10.0,23.0,99.1 ,44.1,44.0,22.0,10.0,23.0,99.0 ,97.36,,41.4,43.6,22.4,10.1,23.6,,81.28,8.16,89.44,32.24,8.00,40.24,32.96,8.08,41.04,80.12,8.00,88.12,32.00,8.00,40.00,32.00,8.00,40.00,80.00,8.00,88.00,32.00,8.00,40.00,32.00,8.00,40.00
1240,17.79,335.66,1.32,17.82,336.22,1.32,185.61,197.45,44.1,44.0,22.0,10.0,23.0,99.1 ,44.1,44.0,22.0,10.0,23.0,99.0 ,93.19,,41.5,43.8,22.3,10.1,23.5,,81.20,8.16,89.36,32.24,8.00,40.24,32.88,8.08,40.96,80.12,8.00,88.12,32.00,8.00,40.00,32.00,8.00,40.00,80.00,8.00,88.00,32.00,8.00,40.00,32.00,8.00,40.00
1250,17.79,335.66,1.32,17.82,336.22,1.32,185.61,188.69,44.1,44.0,22.0,10.0,23.0,99.1 ,44.1,44.0,22.0,10.0,23.0,99.0 ,97.52,,41.4,43.6,22.3,10.1,23.6,,81.20,8.16,89.36,32.24,8.00,40.24,32.96,8.08,41.04,80.12,8.00,88.12,32.00,8.00,40.00,32.00,8.00,40.00,80.00,8.00,88.00,32.00,8.00,40.00,32.00,8.00,40.00
1260,17.79,335.66,1.32,17.82,336.22,1.32,185.61,198.73,44.1,44.0,22.0,10.0,23.0,99.1 ,44.1,44.0,22.0,10.0,23.0,99.0 ,92.59,,41.4,43.8,22.4,10.1,23.6,,81.36,8.16,89.52,32.24,8.00,40.24,32.96,8.08,41.04,80.12,8.00,88.12,32.00,8.00,40.00,32.00,8.00,40.00,80.00,8.00,88.00,32.00,8.00,40.00,32.00,8.00,40.00
1270,17.79,335.66,1.32,17.82,336.22,1.32,185.61,188.19,44.1,44.0,22.0,10.0,23.0,99.1 ,44.1,44.0,22.0,10.0,23.0,99.0 ,97.77,,41.4,43.6,22.4,10.1,23.5,,81.28,8.32,89.60,32.24,8.00,40.24,32.56,8.24,40.80,80.12,8.00,88.12,32.00,8.00,40.00,32.00,8.00,40.00,80.00,8.00,88.00,32.00,8.00,40.00,32.00,8.00,40.00
1280,17.79,335.66,1.32,17.82,336.22,1.32,185.61,165.51,44.1,44.0,22.0,10.0,23.0,99.1 ,44.1,44.0,22.0,10.0,23.0,99.0 ,111.17,,40.3,43.8,23.4,10.1,23.7,,85.04,8.48,93.52,32.40,8.00,40.40,32.64,8.64,41.28,80.12,8.00,88.12,32.00,8.00,40.00,32.00,8.00,40.00,80.00,8.00,88.00,32.00,8.00,40.00,32.00,8.00,40.00
1290,17.79,335.66,1.32,17.82,336.22,1.32,185.61,181.81,44.1,44.0,22.0,10.0,23.0,99.1 ,44.1,44.0,22.0,10.0,23.0,99.0 ,101.21,,41.6,43.6,22.5,10.1,23.9,,81.36,8.64,90.00,32.32,8.00,40.32,32.56,8.96,41.52,80.12,8.00,88.12,32.00,8.00,40.00,32.00,8.00,40.00,80.00,8.00,88.00,32.00,8.00,40.00,32.00,8.00,40.00
